cohort,behavior_pmax_median,behavior_normalized_entropy,behavior_effective_action_count,behavior_ece,model_free_rows,model_free_collapse_fraction,model_free_median_unsupported_mass,h4_support_only_numeric_rows,h4_median_action_entropy,median_ess_fraction,median_unsupported_mass,finite_fraction
sepsis,0.7077958516166121,0.3740705581442905,3.3337129285444878,0.1501932092223669,18,0.16666666666666666,0.0,15,0.7420937023042193,0.0027194516519798,0.0,1.0
respiratory,0.9861229932054664,0.0906639385255029,1.3388833690719264,0.1485831506847558,18,0.16666666666666666,0.0003727307460618,15,0.9170278316514696,0.0005785495431499,0.0,0.6666666666666666
shock,0.7505992079602046,0.3374107735959104,2.962647760495536,0.127368029735718,18,0.16666666666666666,0.0,15,0.5513045751431938,0.00016078111043895,0.0,1.0
aki,0.9982178838932536,0.067054287385098,1.097414524018456,0.071108804507667,18,0.16666666666666666,0.0,15,0.1864965310144823,0.0006995519584368499,0.0,1.0
heart_failure,0.9983092153325204,0.0806226918876893,1.0839618318073112,0.0657615967416496,18,0.16666666666666666,0.0,15,0.0297786003681345,0.0002273497704546,0.0,0.6666666666666666
