task,planner_seed_rows,mean_absolute_exploitation_gap,maximum_absolute_exploitation_gap
aki_rrt,120,0.3767847451522338,0.4710056356934624
heart_failure,120,0.7984380626265687,1.3536658603850138
respiratory,120,1.5964918725035808,3.740714222584852
shock,120,2.6931481509794555,9.300886318368915
