{"environment_count":40,"first_environment_mechanism_sha256":"1ce8824ea1b2e9efb5789f12b88e7b20f0cf813cae9228b3ef89ff9070db3f89","mean_return":0.225754169055,"return_standard_error":0.113353745869,"terminal_emission_max":1,"unsupported_mass":0}
